{
  "dense": {
    "total": 120,
    "recall@5": 0.14166666666666666,
    "mrr": 0.0651388888888889,
    "hits": 17,
    "failed": 103,
    "top_k": 5,
    "coverage_threshold": 0.65
  },
  "bm25": {
    "total": 120,
    "recall@5": 0.06666666666666667,
    "mrr": 0.024444444444444446,
    "hits": 8,
    "failed": 112,
    "top_k": 5,
    "coverage_threshold": 0.65
  },
  "dense_bm25": {
    "total": 120,
    "recall@5": 0.09166666666666666,
    "mrr": 0.03180555555555556,
    "hits": 11,
    "failed": 109,
    "top_k": 5,
    "coverage_threshold": 0.65
  }
}