{
  "total": 120,
  "recall@5": 0.14166666666666666,
  "mrr": 0.06513888888888889,
  "hits": 17,
  "failed": 103,
  "coverage_threshold": 0.65
}