{
  "total": 120,
  "recall@5": 0.3416666666666667,
  "mrr": 0.15013888888888888,
  "hits": 41,
  "failed": 79,
  "coverage_threshold": 0.65
}