{
  "total": 120,
  "dense_recall@5": 0.14166666666666666,
  "recall@5": 0.13333333333333333,
  "dense_mrr": 0.0651388888888889,
  "mrr": 0.08222222222222222,
  "dense_hits_before_rerank": 17,
  "hits": 16,
  "failed": 104,
  "rerank_fixed": 0,
  "rerank_improved": 10,
  "rerank_candidate_k": 20,
  "coverage_threshold": 0.65
}