{
  "total": 120,
  "recall@5": 0.8916666666666667,
  "mrr": 0.5695833333333333,
  "hits": 107,
  "failed": 13,
  "coverage_threshold": 0.65
}