{
  "total": 120,
  "recall@5": 0.8833333333333333,
  "mrr": 0.5508333333333333,
  "hits": 106,
  "failed": 14,
  "coverage_threshold": 0.65
}