{
  "total": 120,
  "recall@5": 0.9333333333333333,
  "mrr": 0.5715277777777777,
  "hits": 112,
  "failed": 8,
  "coverage_threshold": 0.65
}