{
  "total": 120,
  "dense_recall@5": 0.14166666666666666,
  "recall@5": 0.875,
  "dense_mrr": 0.0651388888888889,
  "mrr": 0.5581944444444445,
  "dense_hits_before_expansion": 17,
  "hits": 105,
  "failed": 15,
  "fixed_by_expansion": 88,
  "coverage_threshold": 0.65,
  "neighbor_radius": 1,
  "avg_top5_total_chars": 3414.175,
  "avg_top5_chars_per_item": 682.835,
  "avg_top5_merged_chunks": 2.826666666666671
}